reactjs/redux;gulpjs/gulp;C
reactjs/redux;golang/go;D
reactjs/redux;facebook/react;A
reactjs/redux;Microsoft/vscode;C
reactjs/redux;facebook/immutable-js;A
reactjs/redux;callemall/material-ui;C
reactjs/redux;tensorflow/tensorflow;B
reactjs/redux;facebook/react-native;D
reactjs/redux;vuejs/vue;A
reactjs/redux;electron/electron;C
reactjs/redux;docker/docker;D
reactjs/redux;apple/swift;D
reactjs/redux;nylas/nylas-mail;C
reactjs/redux;nodejs/node;A
reactjs/redux;Semantic-Org/Semantic-UI;C
reactjs/redux;neovim/neovim;D
reactjs/redux;Dogfalo/materialize;C
reactjs/redux;driftyco/ionic;C
reactjs/redux;atom/atom;C
reactjs/redux;chartjs/Chart.js;A
gulpjs/gulp;golang/go;D
gulpjs/gulp;facebook/react;C
gulpjs/gulp;Microsoft/vscode;C
gulpjs/gulp;facebook/immutable-js;C
gulpjs/gulp;callemall/material-ui;C
gulpjs/gulp;tensorflow/tensorflow;A
gulpjs/gulp;facebook/react-native;D
gulpjs/gulp;vuejs/vue;C
gulpjs/gulp;electron/electron;C
gulpjs/gulp;docker/docker;D
gulpjs/gulp;apple/swift;D
gulpjs/gulp;nylas/nylas-mail;C
gulpjs/gulp;nodejs/node;C
gulpjs/gulp;Semantic-Org/Semantic-UI;C
gulpjs/gulp;neovim/neovim;D
gulpjs/gulp;Dogfalo/materialize;C
gulpjs/gulp;driftyco/ionic;A
gulpjs/gulp;atom/atom;C
gulpjs/gulp;chartjs/Chart.js;C
golang/go;facebook/react;D
golang/go;Microsoft/vscode;D
golang/go;facebook/immutable-js;D
golang/go;callemall/material-ui;D
golang/go;tensorflow/tensorflow;D
golang/go;facebook/react-native;D
golang/go;vuejs/vue;D
golang/go;electron/electron;D
golang/go;docker/docker;D
golang/go;apple/swift;A
golang/go;nylas/nylas-mail;D
golang/go;nodejs/node;D
golang/go;Semantic-Org/Semantic-UI;D
golang/go;neovim/neovim;D
golang/go;Dogfalo/materialize;D
golang/go;driftyco/ionic;D
golang/go;atom/atom;D
golang/go;chartjs/Chart.js;D
facebook/react;Microsoft/vscode;C
facebook/react;facebook/immutable-js;A
facebook/react;callemall/material-ui;C
facebook/react;tensorflow/tensorflow;B
facebook/react;facebook/react-native;B
facebook/react;vuejs/vue;A
facebook/react;electron/electron;C
facebook/react;docker/docker;D
facebook/react;apple/swift;D
facebook/react;nylas/nylas-mail;C
facebook/react;nodejs/node;A
facebook/react;Semantic-Org/Semantic-UI;C
facebook/react;neovim/neovim;D
facebook/react;Dogfalo/materialize;C
facebook/react;driftyco/ionic;C
facebook/react;atom/atom;C
facebook/react;chartjs/Chart.js;A
Microsoft/vscode;facebook/immutable-js;C
Microsoft/vscode;callemall/material-ui;D
Microsoft/vscode;tensorflow/tensorflow;D
Microsoft/vscode;facebook/react-native;D
Microsoft/vscode;vuejs/vue;C
Microsoft/vscode;electron/electron;C
Microsoft/vscode;docker/docker;D
Microsoft/vscode;apple/swift;D
Microsoft/vscode;nylas/nylas-mail;C
Microsoft/vscode;nodejs/node;C
Microsoft/vscode;Semantic-Org/Semantic-UI;D
Microsoft/vscode;neovim/neovim;B
Microsoft/vscode;Dogfalo/materialize;D
Microsoft/vscode;driftyco/ionic;D
Microsoft/vscode;atom/atom;A
Microsoft/vscode;chartjs/Chart.js;C
facebook/immutable-js;callemall/material-ui;C
facebook/immutable-js;tensorflow/tensorflow;B
facebook/immutable-js;facebook/react-native;D
facebook/immutable-js;vuejs/vue;A
facebook/immutable-js;electron/electron;C
facebook/immutable-js;docker/docker;D
facebook/immutable-js;apple/swift;D
facebook/immutable-js;nylas/nylas-mail;C
facebook/immutable-js;nodejs/node;A
facebook/immutable-js;Semantic-Org/Semantic-UI;C
facebook/immutable-js;neovim/neovim;D
facebook/immutable-js;Dogfalo/materialize;C
facebook/immutable-js;driftyco/ionic;C
facebook/immutable-js;atom/atom;C
facebook/immutable-js;chartjs/Chart.js;A
callemall/material-ui;tensorflow/tensorflow;D
callemall/material-ui;facebook/react-native;D
callemall/material-ui;vuejs/vue;C
callemall/material-ui;electron/electron;C
callemall/material-ui;docker/docker;D
callemall/material-ui;apple/swift;D
callemall/material-ui;nylas/nylas-mail;C
callemall/material-ui;nodejs/node;C
callemall/material-ui;Semantic-Org/Semantic-UI;A
callemall/material-ui;neovim/neovim;D
callemall/material-ui;Dogfalo/materialize;A
callemall/material-ui;driftyco/ionic;C
callemall/material-ui;atom/atom;C
callemall/material-ui;chartjs/Chart.js;C
tensorflow/tensorflow;facebook/react-native;A
tensorflow/tensorflow;vuejs/vue;B
tensorflow/tensorflow;electron/electron;B
tensorflow/tensorflow;docker/docker;D
tensorflow/tensorflow;apple/swift;D
tensorflow/tensorflow;nylas/nylas-mail;D
tensorflow/tensorflow;nodejs/node;B
tensorflow/tensorflow;Semantic-Org/Semantic-UI;D
tensorflow/tensorflow;neovim/neovim;D
tensorflow/tensorflow;Dogfalo/materialize;D
tensorflow/tensorflow;driftyco/ionic;A
tensorflow/tensorflow;atom/atom;D
tensorflow/tensorflow;chartjs/Chart.js;B
facebook/react-native;vuejs/vue;D
facebook/react-native;electron/electron;C
facebook/react-native;docker/docker;D
facebook/react-native;apple/swift;D
facebook/react-native;nylas/nylas-mail;D
facebook/react-native;nodejs/node;D
facebook/react-native;Semantic-Org/Semantic-UI;D
facebook/react-native;neovim/neovim;D
facebook/react-native;Dogfalo/materialize;D
facebook/react-native;driftyco/ionic;A
facebook/react-native;atom/atom;D
facebook/react-native;chartjs/Chart.js;D
vuejs/vue;electron/electron;C
vuejs/vue;docker/docker;D
vuejs/vue;apple/swift;D
vuejs/vue;nylas/nylas-mail;C
vuejs/vue;nodejs/node;A
vuejs/vue;Semantic-Org/Semantic-UI;C
vuejs/vue;neovim/neovim;D
vuejs/vue;Dogfalo/materialize;C
vuejs/vue;driftyco/ionic;C
vuejs/vue;atom/atom;C
vuejs/vue;chartjs/Chart.js;A
electron/electron;docker/docker;D
electron/electron;apple/swift;D
electron/electron;nylas/nylas-mail;C
electron/electron;nodejs/node;C
electron/electron;Semantic-Org/Semantic-UI;C
electron/electron;neovim/neovim;D
electron/electron;Dogfalo/materialize;C
electron/electron;driftyco/ionic;A
electron/electron;atom/atom;C
electron/electron;chartjs/Chart.js;C
docker/docker;apple/swift;D
docker/docker;nylas/nylas-mail;D
docker/docker;nodejs/node;D
docker/docker;Semantic-Org/Semantic-UI;D
docker/docker;neovim/neovim;D
docker/docker;Dogfalo/materialize;D
docker/docker;driftyco/ionic;D
docker/docker;atom/atom;D
docker/docker;chartjs/Chart.js;D
apple/swift;nylas/nylas-mail;D
apple/swift;nodejs/node;D
apple/swift;Semantic-Org/Semantic-UI;D
apple/swift;neovim/neovim;D
apple/swift;Dogfalo/materialize;D
apple/swift;driftyco/ionic;D
apple/swift;atom/atom;D
apple/swift;chartjs/Chart.js;D
nylas/nylas-mail;nodejs/node;C
nylas/nylas-mail;Semantic-Org/Semantic-UI;C
nylas/nylas-mail;neovim/neovim;D
nylas/nylas-mail;Dogfalo/materialize;C
nylas/nylas-mail;driftyco/ionic;D
nylas/nylas-mail;atom/atom;C
nylas/nylas-mail;chartjs/Chart.js;C
nodejs/node;Semantic-Org/Semantic-UI;C
nodejs/node;neovim/neovim;D
nodejs/node;Dogfalo/materialize;C
nodejs/node;driftyco/ionic;C
nodejs/node;atom/atom;C
nodejs/node;chartjs/Chart.js;A
Semantic-Org/Semantic-UI;neovim/neovim;D
Semantic-Org/Semantic-UI;Dogfalo/materialize;A
Semantic-Org/Semantic-UI;driftyco/ionic;D
Semantic-Org/Semantic-UI;atom/atom;C
Semantic-Org/Semantic-UI;chartjs/Chart.js;C
neovim/neovim;Dogfalo/materialize;D
neovim/neovim;driftyco/ionic;D
neovim/neovim;atom/atom;B
neovim/neovim;chartjs/Chart.js;D
Dogfalo/materialize;driftyco/ionic;D
Dogfalo/materialize;atom/atom;C
Dogfalo/materialize;chartjs/Chart.js;C
driftyco/ionic;atom/atom;C
driftyco/ionic;chartjs/Chart.js;C
atom/atom;chartjs/Chart.js;C
